session,equity,cash,long,short,spy,n_positions,n_trades,cost
2026-09-02T16:00:00-04:00,999.9,333.3,666.6,0,765.1599731445312,2,2,0.1
2026-09-03T09:30:00-04:00,1003.3143,1003.3143,0,0,767.9000244140625,0,2,0.1005
2026-09-03T16:00:00-04:00,1003.242,334.414,668.83,0,773.1699829101562,2,2,0.1003
2026-09-04T09:30:00-04:00,1009.4267,1009.4267,0,0,772.010009765625,0,2,0.1011
2026-09-04T16:00:00-04:00,1009.3202,0.0,1009.32,0,770.1900024414062,3,3,0.1345
2026-09-08T09:30:00-04:00,1016.9506,1016.9506,0,0,769.1500244140625,0,3,0.1355
2026-09-08T16:00:00-04:00,1016.9789,1016.9789,0,0,,0,0,0
2026-09-09T09:30:00-04:00,1017.0555,1017.0555,0,0,764.0800170898438,0,0,0
2026-09-09T16:00:00-04:00,1017.0503,678.0335,339.02,0,762.4000244140625,1,1,0.0339
